GROUP,PACKAGE,CLASS,INSTRUCTION_MISSED,INSTRUCTION_COVERED,BRANCH_MISSED,BRANCH_COVERED,BP,LINE_MISSED,LINE_COVERED,SC,Statement_Coverage,COMPLEXITY_MISSED,COMPLEXITY_COVERED,MC,MCCABE_COMPLEXITY,METHOD_MISSED,METHOD_COVERED
Apache Commons Collections,org.apache.commons.collections4.keyvalue,TiedMapEntry,3,106,5,17,0.772727273,1,21,0.954545455,95%,5,13,0.722222222,72%,0,7
Apache Commons Collections,org.apache.commons.collections4.keyvalue,AbstractMapEntry,0,70,1,19,0.95,0,13,1,100%,1,13,0.928571429,93%,0,4
Apache Commons Collections,org.apache.commons.collections4.keyvalue,UnmodifiableMapEntry,0,24,0,0,0,0,7,1,100%,0,4,1,100%,0,4
Apache Commons Collections,org.apache.commons.collections4.keyvalue,AbstractKeyValue,0,44,0,0,0,0,17,1,100%,0,6,1,100%,0,6
Apache Commons Collections,org.apache.commons.collections4.keyvalue,MultiKey,0,195,0,12,1,0,37,1,100%,0,20,1,100%,0,14
Apache Commons Collections,org.apache.commons.collections4.keyvalue,DefaultMapEntry,0,19,0,0,0,0,6,1,100%,0,3,1,100%,0,3
Apache Commons Collections,org.apache.commons.collections4.keyvalue,DefaultKeyValue,3,111,5,19,0.791666667,1,24,0.96,96%,5,16,0.761904762,76%,0,9
Apache Commons Collections,org.apache.commons.collections4.keyvalue,AbstractMapEntryDecorator,11,36,2,2,0.5,3,11,0.785714286,79%,3,7,0.7,70%,1,7
Apache Commons Collections,org.apache.commons.collections4.splitmap,TransformedSplitMap,24,94,3,5,0.625,7,23,0.766666667,77%,5,10,0.666666667,67%,2,9
Apache Commons Collections,org.apache.commons.collections4.splitmap,AbstractIterableGetMapDecorator,22,61,2,2,0.5,5,18,0.782608696,78%,5,13,0.722222222,72%,3,13
Apache Commons Collections,org.apache.commons.collections4.collection,AbstractCollectionDecorator,3,84,0,2,1,2,23,0.92,92%,1,18,0.947368421,95%,1,17
Apache Commons Collections,org.apache.commons.collections4.collection,TransformedCollection,0,103,1,7,0.875,0,21,1,100%,1,10,0.909090909,91%,0,7
Apache Commons Collections,org.apache.commons.collections4.collection,IndexedCollection,6,207,1,21,0.954545455,1,55,0.982142857,98%,2,25,0.925925926,93%,1,15
Apache Commons Collections,org.apache.commons.collections4.collection,UnmodifiableBoundedCollection,29,75,5,9,0.642857143,7,21,0.75,75%,7,13,0.65,65%,2,11
Apache Commons Collections,org.apache.commons.collections4.collection,PredicatedCollection,0,94,0,8,1,0,20,1,100%,0,11,1,100%,0,7
Apache Commons Collections,org.apache.commons.collections4.collection,CompositeCollection,50,337,1,41,0.976190476,14,83,0.855670103,86%,7,39,0.847826087,85%,6,19
Apache Commons Collections,org.apache.commons.collections4.collection,SynchronizedCollection,50,265,3,9,0.75,10,55,0.846153846,85%,3,23,0.884615385,88%,0,20
Apache Commons Collections,org.apache.commons.collections4.collection,PredicatedCollection.Builder,50,138,8,10,0.555555556,12,36,0.75,75%,9,14,0.608695652,61%,2,12
Apache Commons Collections,org.apache.commons.collections4.collection,UnmodifiableCollection,0,45,0,2,1,0,13,1,100%,0,10,1,100%,0,9
Apache Commons Collections,org.apache.commons.collections4.comparators,TransformingComparator,14,101,9,13,0.590909091,0,22,1,100%,7,9,0.5625,56%,0,5
Apache Commons Collections,org.apache.commons.collections4.comparators,FixedOrderComparator.new Object() {...},3,23,0,0,0,0,1,1,100%,0,1,1,100%,0,1
Apache Commons Collections,org.apache.commons.collections4.comparators,ReverseComparator,8,46,2,6,0.75,3,12,0.8,80%,3,6,0.666666667,67%,1,4
Apache Commons Collections,org.apache.commons.collections4.comparators,BooleanComparator,7,79,1,13,0.928571429,1,17,0.944444444,94%,2,15,0.882352941,88%,1,9
Apache Commons Collections,org.apache.commons.collections4.comparators,ComparableComparator,0,33,0,6,1,0,8,1,100%,0,9,1,100%,0,6
Apache Commons Collections,org.apache.commons.collections4.comparators,FixedOrderComparator.UnknownObjectBehavior,5,43,0,0,0,0,2,1,100%,1,3,0.75,75%,1,3
Apache Commons Collections,org.apache.commons.collections4.comparators,FixedOrderComparator,63,320,22,44,0.666666667,6,57,0.904761905,90%,20,26,0.565217391,57%,0,12
Apache Commons Collections,org.apache.commons.collections4.comparators,NullComparator,33,73,8,16,0.666666667,6,17,0.739130435,74%,10,9,0.473684211,47%,3,4
Apache Commons Collections,org.apache.commons.collections4.comparators,ComparatorChain,70,219,15,27,0.642857143,19,58,0.753246753,75%,18,21,0.538461538,54%,6,12
Apache Commons Collections,org.apache.commons.collections4.properties,SortedProperties,0,35,0,2,1,0,8,1,100%,0,3,1,100%,0,2
Apache Commons Collections,org.apache.commons.collections4.sequence,KeepCommand,0,9,0,0,0,0,4,1,100%,0,2,1,100%,0,2
Apache Commons Collections,org.apache.commons.collections4.sequence,DeleteCommand,0,9,0,0,0,0,4,1,100%,0,2,1,100%,0,2
Apache Commons Collections,org.apache.commons.collections4.sequence,SequencesComparator,5,558,3,79,0.963414634,1,79,0.9875,99%,3,44,0.936170213,94%,0,6
Apache Commons Collections,org.apache.commons.collections4.sequence,SequencesComparator.Snake,0,21,0,0,0,0,8,1,100%,0,4,1,100%,0,4
Apache Commons Collections,org.apache.commons.collections4.sequence,ReplacementsFinder,65,0,4,0,0,17,0,0,0%,6,0,0,0%,4,0
Apache Commons Collections,org.apache.commons.collections4.sequence,EditCommand,0,9,0,0,0,0,4,1,100%,0,2,1,100%,0,2
Apache Commons Collections,org.apache.commons.collections4.sequence,InsertCommand,0,9,0,0,0,0,4,1,100%,0,2,1,100%,0,2
Apache Commons Collections,org.apache.commons.collections4.sequence,EditScript,3,69,0,2,1,1,19,0.95,95%,1,7,0.875,88%,1,6
Apache Commons Collections,org.apache.commons.collections4.trie.analyzer,StringKeyAnalyzer,15,174,10,24,0.705882353,4,36,0.9,90%,11,14,0.56,56%,1,7
Apache Commons Collections,org.apache.commons.collections4.bag,AbstractMapBag,15,624,8,74,0.902439024,3,163,0.981927711,98%,8,60,0.882352941,88%,0,27
Apache Commons Collections,org.apache.commons.collections4.bag,PredicatedBag,0,55,0,4,1,0,11,1,100%,0,11,1,100%,0,9
Apache Commons Collections,org.apache.commons.collections4.bag,SynchronizedBag,35,98,0,2,1,8,19,0.703703704,70%,1,10,0.909090909,91%,1,9
Apache Commons Collections,org.apache.commons.collections4.bag,AbstractMapBag.BagIterator,4,112,1,13,0.928571429,1,26,0.962962963,96%,1,10,0.909090909,91%,0,4
Apache Commons Collections,org.apache.commons.collections4.bag,PredicatedSortedBag,0,27,0,0,0,0,7,1,100%,0,6,1,100%,0,6
Apache Commons Collections,org.apache.commons.collections4.bag,AbstractSortedBagDecorator,7,16,0,0,0,3,5,0.625,63%,2,4,0.666666667,67%,2,4
Apache Commons Collections,org.apache.commons.collections4.bag,UnmodifiableSortedBag,12,61,0,2,1,3,19,0.863636364,86%,3,12,0.8,80%,3,11
Apache Commons Collections,org.apache.commons.collections4.bag,SynchronizedBag.SynchronizedBagSet,0,8,0,0,0,0,3,1,100%,0,1,1,100%,0,1
Apache Commons Collections,org.apache.commons.collections4.bag,AbstractBagDecorator,9,39,0,4,1,3,8,0.727272727,73%,2,9,0.818181818,82%,2,7
Apache Commons Collections,org.apache.commons.collections4.bag,SynchronizedSortedBag,57,9,0,0,0,12,3,0.2,20%,5,2,0.285714286,29%,5,2
Apache Commons Collections,org.apache.commons.collections4.bag,TransformedSortedBag,44,23,4,0,0,8,6,0.428571429,43%,4,5,0.555555556,56%,2,5
Apache Commons Collections,org.apache.commons.collections4.bag,TransformedBag,0,99,1,7,0.875,0,18,1,100%,1,13,0.928571429,93%,0,10
Apache Commons Collections,org.apache.commons.collections4.bag,AbstractMapBag.MutableInteger,18,6,4,0,0,4,3,0.428571429,43%,4,1,0.2,20%,2,1
Apache Commons Collections,org.apache.commons.collections4.bag,TreeBag,7,84,0,6,1,3,21,0.875,88%,1,12,0.923076923,92%,1,9
Apache Commons Collections,org.apache.commons.collections4.bag,CollectionBag,11,134,3,21,0.875,2,42,0.954545455,95%,3,20,0.869565217,87%,0,11
Apache Commons Collections,org.apache.commons.collections4.bag,CollectionSortedBag,11,134,3,21,0.875,2,42,0.954545455,95%,3,20,0.869565217,87%,0,11
Apache Commons Collections,org.apache.commons.collections4.bag,UnmodifiableBag,12,63,0,2,1,3,20,0.869565217,87%,3,12,0.8,80%,3,11
Apache Commons Collections,org.apache.commons.collections4.bag,HashBag,0,28,0,0,0,0,11,1,100%,0,4,1,100%,0,4
Apache Commons Collections,org.apache.commons.collections4.trie,AbstractPatriciaTrie.RangeEntryMap,43,134,10,24,0.705882353,7,30,0.810810811,81%,11,16,0.592592593,59%,1,9
Apache Commons Collections,org.apache.commons.collections4.trie,AbstractPatriciaTrie.PrefixRangeEntrySet,0,81,0,6,1,0,15,1,100%,0,6,1,100%,0,3
Apache Commons Collections,org.apache.commons.collections4.trie,AbstractPatriciaTrie.KeySet.KeyIterator,0,12,0,0,0,0,2,1,100%,0,2,1,100%,0,2
Apache Commons Collections,org.apache.commons.collections4.trie,AbstractPatriciaTrie.RangeMap,131,152,25,25,0.5,16,30,0.652173913,65%,18,21,0.538461538,54%,4,10
Apache Commons Collections,org.apache.commons.collections4.trie,AbstractPatriciaTrie.KeySet,0,41,0,2,1,0,9,1,100%,0,7,1,100%,0,6
Apache Commons Collections,org.apache.commons.collections4.trie,AbstractPatriciaTrie.TrieIterator,4,101,1,9,0.9,1,25,0.961538462,96%,1,10,0.909090909,91%,0,6
Apache Commons Collections,org.apache.commons.collections4.trie,AbstractPatriciaTrie.TrieEntry,38,212,8,18,0.692307692,6,35,0.853658537,85%,8,10,0.555555556,56%,0,5
Apache Commons Collections,org.apache.commons.collections4.trie,AbstractPatriciaTrie.RangeEntrySet.EntryIterator,0,48,0,10,1,0,8,1,100%,0,8,1,100%,0,3
Apache Commons Collections,org.apache.commons.collections4.trie,AbstractPatriciaTrie.RangeEntrySet,7,171,2,28,0.933333333,2,40,0.952380952,95%,2,19,0.904761905,90%,0,6
Apache Commons Collections,org.apache.commons.collections4.trie,AbstractPatriciaTrie.EntrySet,2,62,1,9,0.9,1,15,0.9375,94%,1,10,0.909090909,91%,0,6
Apache Commons Collections,org.apache.commons.collections4.trie,KeyAnalyzer,21,26,8,6,0.428571429,3,7,0.7,70%,8,5,0.384615385,38%,2,4
Apache Commons Collections,org.apache.commons.collections4.trie,UnmodifiableTrie,27,121,0,4,1,6,30,0.833333333,83%,5,24,0.827586207,83%,5,22
Apache Commons Collections,org.apache.commons.collections4.trie,AbstractPatriciaTrie.Values.ValueIterator,0,12,0,0,0,0,2,1,100%,0,2,1,100%,0,2
Apache Commons Collections,org.apache.commons.collections4.trie,PatriciaTrie,7,6,0,0,0,2,2,0.5,50%,1,1,0.5,50%,1,1
Apache Commons Collections,org.apache.commons.collections4.trie,AbstractPatriciaTrie.EntrySet.EntryIterator,0,11,0,0,0,0,2,1,100%,0,2,1,100%,0,2
Apache Commons Collections,org.apache.commons.collections4.trie,AbstractPatriciaTrie.PrefixRangeEntrySet.SingletonIterator,26,31,3,3,0.5,6,8,0.571428571,57%,3,4,0.571428571,57%,1,3
Apache Commons Collections,org.apache.commons.collections4.trie,AbstractBitwiseTrie.BasicEntry,23,73,2,10,0.833333333,5,21,0.807692308,81%,4,11,0.733333333,73%,2,7
Apache Commons Collections,org.apache.commons.collections4.trie,AbstractPatriciaTrie.TrieMapIterator,4,95,1,11,0.916666667,1,24,0.96,96%,1,14,0.933333333,93%,0,9
Apache Commons Collections,org.apache.commons.collections4.trie,AbstractPatriciaTrie.Reference,10,0,0,0,0,4,0,0,0%,3,0,0,0%,3,0
Apache Commons Collections,org.apache.commons.collections4.trie,AbstractPatriciaTrie.PrefixRangeEntrySet.EntryIterator,0,89,1,9,0.9,0,22,1,100%,1,8,0.888888889,89%,0,4
Apache Commons Collections,org.apache.commons.collections4.trie,AbstractPatriciaTrie,571,1298,100,196,0.662162162,130,306,0.701834862,70%,75,124,0.623115578,62%,6,45
Apache Commons Collections,org.apache.commons.collections4.trie,AbstractPatriciaTrie.PrefixRangeMap,50,265,4,36,0.9,8,56,0.875,88%,12,23,0.657142857,66%,8,7
Apache Commons Collections,org.apache.commons.collections4.trie,AbstractPatriciaTrie.Values,0,45,0,4,1,0,13,1,100%,0,8,1,100%,0,6
Apache Commons Collections,org.apache.commons.collections4.trie,AbstractBitwiseTrie,17,113,5,15,0.75,4,24,0.857142857,86%,5,15,0.75,75%,1,9
Apache Commons Collections,org.apache.commons.collections4.list,NodeCachingLinkedList,10,150,0,12,1,4,51,0.927272727,93%,2,18,0.9,90%,2,12
Apache Commons Collections,org.apache.commons.collections4.list,TreeList,2,262,2,16,0.888888889,1,53,0.981481481,98%,2,23,0.92,92%,0,16
Apache Commons Collections,org.apache.commons.collections4.list,SetUniqueList.SetListIterator,0,29,0,0,0,0,10,1,100%,0,3,1,100%,0,3
Apache Commons Collections,org.apache.commons.collections4.list,PredicatedList.PredicatedListIterator,0,25,0,0,0,0,9,1,100%,0,3,1,100%,0,3
Apache Commons Collections,org.apache.commons.collections4.list,AbstractSerializableListDecorator,0,19,0,0,0,0,8,1,100%,0,3,1,100%,0,3
Apache Commons Collections,org.apache.commons.collections4.list,TransformedList,13,134,1,7,0.875,2,26,0.928571429,93%,2,18,0.9,90%,1,15
Apache Commons Collections,org.apache.commons.collections4.list,FixedSizeList,31,83,0,0,0,7,16,0.695652174,70%,6,15,0.714285714,71%,6,15
Apache Commons Collections,org.apache.commons.collections4.list,FixedSizeList.FixedSizeListIterator,10,7,0,0,0,2,3,0.6,60%,2,1,0.333333333,33%,2,1
Apache Commons Collections,org.apache.commons.collections4.list,AbstractLinkedList,28,783,9,91,0.91,8,190,0.95959596,96%,10,89,0.898989899,90%,1,48
Apache Commons Collections,org.apache.commons.collections4.list,CursorableLinkedList.SubCursor,0,70,0,4,1,0,14,1,100%,0,8,1,100%,0,6
Apache Commons Collections,org.apache.commons.collections4.list,AbstractLinkedList.LinkedListIterator,0,211,0,14,1,0,50,1,100%,0,19,1,100%,0,12
Apache Commons Collections,org.apache.commons.collections4.list,TransformedList.TransformedListIterator,0,27,0,0,0,0,9,1,100%,0,3,1,100%,0,3
Apache Commons Collections,org.apache.commons.collections4.list,UnmodifiableList,0,83,0,2,1,0,21,1,100%,0,17,1,100%,0,16
Apache Commons Collections,org.apache.commons.collections4.list,AbstractListDecorator,3,77,0,4,1,2,16,0.888888889,89%,1,16,0.941176471,94%,1,14
Apache Commons Collections,org.apache.commons.collections4.list,GrowthList,7,89,1,5,0.833333333,2,20,0.909090909,91%,2,8,0.8,80%,1,6
Apache Commons Collections,org.apache.commons.collections4.list,CursorableLinkedList.Cursor,11,172,3,23,0.884615385,2,51,0.962264151,96%,3,19,0.863636364,86%,0,9
Apache Commons Collections,org.apache.commons.collections4.list,AbstractLinkedList.Node,26,22,0,0,0,11,10,0.476190476,48%,5,4,0.444444444,44%,5,4
Apache Commons Collections,org.apache.commons.collections4.list,CursorableLinkedList,19,218,7,19,0.730769231,8,76,0.904761905,90%,8,25,0.757575758,76%,1,19
Apache Commons Collections,org.apache.commons.collections4.list,SetUniqueList,25,289,2,26,0.928571429,7,69,0.907894737,91%,3,31,0.911764706,91%,1,19
Apache Commons Collections,org.apache.commons.collections4.list,AbstractLinkedList.LinkedSubList,62,249,5,11,0.6875,6,57,0.904761905,90%,6,16,0.727272727,73%,1,13
Apache Commons Collections,org.apache.commons.collections4.list,SetUniqueList.SetListListIterator,0,55,0,2,1,0,17,1,100%,0,7,1,100%,0,6
Apache Commons Collections,org.apache.commons.collections4.list,AbstractLinkedList.LinkedSubListIterator,0,69,0,4,1,0,14,1,100%,0,8,1,100%,0,6
Apache Commons Collections,org.apache.commons.collections4.list,PredicatedList,13,101,0,6,1,2,21,0.913043478,91%,1,17,0.944444444,94%,1,14
Apache Commons Collections,org.apache.commons.collections4.list,TreeList.AVLNode,53,1051,14,134,0.905405405,16,246,0.938931298,94%,13,95,0.87962963,88%,1,32
Apache Commons Collections,org.apache.commons.collections4.list,LazyList,30,54,2,6,0.75,6,15,0.714285714,71%,3,5,0.625,63%,1,3
Apache Commons Collections,org.apache.commons.collections4.list,TreeList.TreeListIterator,4,246,1,21,0.954545455,1,56,0.98245614,98%,1,21,0.954545455,95%,0,11
Apache Commons Collections,org.apache.commons.collections4.functors,ComparatorPredicate,25,80,3,17,0.85,3,23,0.884615385,88%,3,13,0.8125,81%,0,4
Apache Commons Collections,org.apache.commons.collections4.functors,MapTransformer,3,20,0,2,1,1,7,0.875,88%,1,4,0.8,80%,1,3
Apache Commons Collections,org.apache.commons.collections4.functors,ExceptionPredicate,0,17,0,0,0,0,6,1,100%,0,5,1,100%,0,5
Apache Commons Collections,org.apache.commons.collections4.functors,PrototypeFactory.PrototypeSerializationFactory,12,62,2,2,0.5,4,19,0.826086957,83%,2,2,0.5,50%,0,2
Apache Commons Collections,org.apache.commons.collections4.functors,InstantiateTransformer,32,86,10,14,0.583333333,8,19,0.703703704,70%,10,8,0.444444444,44%,0,6
Apache Commons Collections,org.apache.commons.collections4.functors,OrPredicate,13,38,1,7,0.875,1,8,0.888888889,89%,2,6,0.75,75%,1,3
Apache Commons Collections,org.apache.commons.collections4.functors,NotNullPredicate,0,18,0,2,1,0,6,1,100%,0,6,1,100%,0,5
Apache Commons Collections,org.apache.commons.collections4.functors,FactoryTransformer,3,22,0,2,1,1,7,0.875,88%,1,4,0.8,80%,1,3
Apache Commons Collections,org.apache.commons.collections4.functors,NonePredicate,0,55,0,8,1,0,14,1,100%,0,8,1,100%,0,4
Apache Commons Collections,org.apache.commons.collections4.functors,ComparatorPredicate.Criterion,5,63,0,0,0,0,2,1,100%,1,3,0.75,75%,1,3
Apache Commons Collections,org.apache.commons.collections4.functors,ForClosure,6,39,0,8,1,2,12,0.857142857,86%,2,7,0.777777778,78%,2,3
Apache Commons Collections,org.apache.commons.collections4.functors,StringValueTransformer,0,15,0,0,0,0,6,1,100%,0,5,1,100%,0,5
Apache Commons Collections,org.apache.commons.collections4.functors,WhileClosure,9,51,0,8,1,3,15,0.833333333,83%,3,7,0.7,70%,3,3
Apache Commons Collections,org.apache.commons.collections4.functors,UniquePredicate,0,17,0,0,0,0,5,1,100%,0,3,1,100%,0,3
Apache Commons Collections,org.apache.commons.collections4.functors,ChainedTransformer,4,78,0,10,1,1,19,0.95,95%,1,10,0.909090909,91%,1,5
Apache Commons Collections,org.apache.commons.collections4.functors,TransformerClosure,3,21,0,2,1,1,8,0.888888889,89%,1,4,0.8,80%,1,3
Apache Commons Collections,org.apache.commons.collections4.functors,NullPredicate,0,18,0,2,1,0,6,1,100%,0,6,1,100%,0,5
Apache Commons Collections,org.apache.commons.collections4.functors,InstanceofPredicate,8,18,1,1,0.5,2,6,0.75,75%,2,3,0.6,60%,1,3
Apache Commons Collections,org.apache.commons.collections4.functors,AbstractQuantifierPredicate,4,6,0,0,0,1,3,0.75,75%,1,1,0.5,50%,1,1
Apache Commons Collections,org.apache.commons.collections4.functors,AnyPredicate,4,67,1,11,0.916666667,1,17,0.944444444,94%,1,9,0.9,90%,0,4
Apache Commons Collections,org.apache.commons.collections4.functors,IdentityPredicate,3,23,0,4,1,1,7,0.875,88%,1,5,0.833333333,83%,1,3
Apache Commons Collections,org.apache.commons.collections4.functors,IfTransformer,14,66,2,10,0.833333333,4,17,0.80952381,81%,5,8,0.615384615,62%,3,4
Apache Commons Collections,org.apache.commons.collections4.functors,CatchAndRethrowClosure,0,17,0,0,0,0,8,1,100%,0,2,1,100%,0,2
Apache Commons Collections,org.apache.commons.collections4.functors,PredicateTransformer,3,24,0,2,1,1,7,0.875,88%,1,4,0.8,80%,1,3
Apache Commons Collections,org.apache.commons.collections4.functors,ExceptionFactory,0,17,0,0,0,0,6,1,100%,0,5,1,100%,0,5
Apache Commons Collections,org.apache.commons.collections4.functors,SwitchTransformer,13,159,2,24,0.923076923,3,36,0.923076923,92%,5,16,0.761904762,76%,3,5
Apache Commons Collections,org.apache.commons.collections4.functors,EqualPredicate,3,48,0,6,1,1,15,0.9375,94%,1,8,0.888888889,89%,1,5
Apache Commons Collections,org.apache.commons.collections4.functors,NullIsExceptionPredicate,8,30,0,4,1,1,9,0.9,90%,1,5,0.833333333,83%,1,3
Apache Commons Collections,org.apache.commons.collections4.functors,ConstantTransformer,43,31,11,3,0.214285714,9,11,0.55,55%,8,7,0.466666667,47%,2,6
Apache Commons Collections,org.apache.commons.collections4.functors,InstantiateFactory,23,108,5,17,0.772727273,7,27,0.794117647,79%,5,11,0.6875,69%,0,5
Apache Commons Collections,org.apache.commons.collections4.functors,NullIsFalsePredicate,8,27,0,4,1,1,9,0.9,90%,1,5,0.833333333,83%,1,3
Apache Commons Collections,org.apache.commons.collections4.functors,PrototypeFactory,3,66,0,4,1,2,13,0.866666667,87%,1,3,0.75,75%,1,1
Apache Commons Collections,org.apache.commons.collections4.functors,NOPTransformer,0,14,0,0,0,0,6,1,100%,0,5,1,100%,0,5
Apache Commons Collections,org.apache.commons.collections4.functors,CloneTransformer,0,18,0,2,1,0,7,1,100%,0,5,1,100%,0,4
Apache Commons Collections,org.apache.commons.collections4.functors,DefaultEquator,4,28,2,6,0.75,1,6,0.857142857,86%,3,7,0.7,70%,1,5
Apache Commons Collections,org.apache.commons.collections4.functors,PrototypeFactory.PrototypeCloneFactory,33,20,1,1,0.5,10,6,0.375,38%,2,2,0.5,50%,1,2
Apache Commons Collections,org.apache.commons.collections4.functors,ChainedClosure,4,91,0,12,1,1,23,0.958333333,96%,1,11,0.916666667,92%,1,5
Apache Commons Collections,org.apache.commons.collections4.functors,ConstantFactory,3,24,0,2,1,1,8,0.888888889,89%,1,5,0.833333333,83%,1,4
Apache Commons Collections,org.apache.commons.collections4.functors,ClosureTransformer,3,24,0,2,1,1,8,0.888888889,89%,1,4,0.8,80%,1,3
Apache Commons Collections,org.apache.commons.collections4.functors,FalsePredicate,0,14,0,0,0,0,6,1,100%,0,5,1,100%,0,5
Apache Commons Collections,org.apache.commons.collections4.functors,NullIsTruePredicate,8,27,0,4,1,1,9,0.9,90%,1,5,0.833333333,83%,1,3
Apache Commons Collections,org.apache.commons.collections4.functors,InvokerTransformer,45,133,4,24,0.857142857,6,28,0.823529412,82%,4,15,0.789473684,79%,0,5
Apache Commons Collections,org.apache.commons.collections4.functors,FunctorUtils,13,174,3,27,0.9,7,36,0.837209302,84%,6,20,0.769230769,77%,3,8
Apache Commons Collections,org.apache.commons.collections4.functors,TransformedPredicate,16,34,1,3,0.75,3,10,0.769230769,77%,3,4,0.571428571,57%,2,3
Apache Commons Collections,org.apache.commons.collections4.functors,SwitchClosure,13,154,2,22,0.916666667,3,35,0.921052632,92%,5,15,0.75,75%,3,5
Apache Commons Collections,org.apache.commons.collections4.functors,ExceptionClosure,0,17,0,0,0,0,6,1,100%,0,5,1,100%,0,5
Apache Commons Collections,org.apache.commons.collections4.functors,IfClosure,25,45,3,5,0.625,7,13,0.65,65%,7,5,0.416666667,42%,4,4
Apache Commons Collections,org.apache.commons.collections4.functors,OnePredicate,4,60,1,9,0.9,1,16,0.941176471,94%,1,8,0.888888889,89%,0,4
Apache Commons Collections,org.apache.commons.collections4.functors,ComparatorPredicate.new Object() {...},5,35,0,0,0,0,1,1,100%,0,1,1,100%,0,1
Apache Commons Collections,org.apache.commons.collections4.functors,AndPredicate,13,38,1,7,0.875,1,8,0.888888889,89%,2,6,0.75,75%,1,3
Apache Commons Collections,org.apache.commons.collections4.functors,AllPredicate,0,73,0,12,1,0,18,1,100%,0,10,1,100%,0,4
Apache Commons Collections,org.apache.commons.collections4.functors,TruePredicate,0,14,0,0,0,0,6,1,100%,0,5,1,100%,0,5
Apache Commons Collections,org.apache.commons.collections4.functors,ExceptionTransformer,0,17,0,0,0,0,6,1,100%,0,5,1,100%,0,5
Apache Commons Collections,org.apache.commons.collections4.functors,NotPredicate,8,27,0,4,1,1,7,0.875,88%,1,5,0.833333333,83%,1,3
Apache Commons Collections,org.apache.commons.collections4.functors,TransformerPredicate,3,34,0,4,1,1,10,0.909090909,91%,1,5,0.833333333,83%,1,3
Apache Commons Collections,org.apache.commons.collections4.functors,NOPClosure,0,13,0,0,0,0,6,1,100%,0,5,1,100%,0,5
Apache Commons Collections,org.apache.commons.collections4.bidimap,AbstractDualBidiMap,0,280,0,18,1,0,64,1,100%,0,34,1,100%,0,25
Apache Commons Collections,org.apache.commons.collections4.bidimap,TreeBidiMap.InverseViewMapIterator,4,40,0,4,1,1,11,0.916666667,92%,1,7,0.875,88%,1,5
Apache Commons Collections,org.apache.commons.collections4.bidimap,TreeBidiMap,151,1852,29,226,0.88627451,32,433,0.931182796,93%,29,164,0.849740933,85%,1,64
Apache Commons Collections,org.apache.commons.collections4.bidimap,AbstractDualBidiMap.Values,0,41,0,2,1,0,9,1,100%,0,5,1,100%,0,4
Apache Commons Collections,org.apache.commons.collections4.bidimap,AbstractDualBidiMap.MapEntry,0,38,0,4,1,0,9,1,100%,0,4,1,100%,0,2
Apache Commons Collections,org.apache.commons.collections4.bidimap,AbstractDualBidiMap.KeySetIterator,0,53,0,2,1,0,16,1,100%,0,4,1,100%,0,3
Apache Commons Collections,org.apache.commons.collections4.bidimap,AbstractDualBidiMap.EntrySet,0,62,1,9,0.9,0,14,1,100%,1,7,0.875,88%,0,3
Apache Commons Collections,org.apache.commons.collections4.bidimap,TreeBidiMap.InverseViewMapEntryIterator,5,21,0,0,0,1,5,0.833333333,83%,1,3,0.75,75%,1,3
Apache Commons Collections,org.apache.commons.collections4.bidimap,TreeBidiMap.ViewMapIterator,4,40,0,4,1,1,11,0.916666667,92%,1,7,0.875,88%,1,5
Apache Commons Collections,org.apache.commons.collections4.bidimap,AbstractSortedBidiMapDecorator,28,8,0,0,0,6,3,0.333333333,33%,6,2,0.25,25%,6,2
Apache Commons Collections,org.apache.commons.collections4.bidimap,DualLinkedHashBidiMap,12,49,0,0,0,3,14,0.823529412,82%,1,5,0.833333333,83%,1,5
Apache Commons Collections,org.apache.commons.collections4.bidimap,AbstractDualBidiMap.BidiMapIterator,14,145,0,14,1,4,33,0.891891892,89%,1,15,0.9375,94%,1,8
Apache Commons Collections,org.apache.commons.collections4.bidimap,AbstractDualBidiMap.View,0,88,0,18,1,0,26,1,100%,0,15,1,100%,0,6
Apache Commons Collections,org.apache.commons.collections4.bidimap,AbstractOrderedBidiMapDecorator,8,26,0,0,0,2,7,0.777777778,78%,2,6,0.75,75%,2,6
Apache Commons Collections,org.apache.commons.collections4.bidimap,TreeBidiMap.ValueView,0,37,0,4,1,0,7,1,100%,0,6,1,100%,0,4
Apache Commons Collections,org.apache.commons.collections4.bidimap,TreeBidiMap.KeyView,0,37,0,4,1,0,7,1,100%,0,6,1,100%,0,4
Apache Commons Collections,org.apache.commons.collections4.bidimap,TreeBidiMap.ViewIterator,60,128,9,11,0.55,12,27,0.692307692,69%,7,9,0.5625,56%,2,4
Apache Commons Collections,org.apache.commons.collections4.bidimap,UnmodifiableBidiMap,0,79,0,4,1,0,23,1,100%,0,14,1,100%,0,12
Apache Commons Collections,org.apache.commons.collections4.bidimap,TreeBidiMap.Inverse,80,153,8,10,0.555555556,12,34,0.739130435,74%,8,25,0.757575758,76%,4,20
Apache Commons Collections,org.apache.commons.collections4.bidimap,TreeBidiMap.Node,8,263,6,17,0.739130435,2,49,0.960784314,96%,6,27,0.818181818,82%,0,21
Apache Commons Collections,org.apache.commons.collections4.bidimap,TreeBidiMap.EntryView,2,72,1,11,0.916666667,1,18,0.947368421,95%,1,9,0.9,90%,0,4
Apache Commons Collections,org.apache.commons.collections4.bidimap,DualTreeBidiMap,36,207,2,10,0.833333333,9,51,0.85,85%,5,21,0.807692308,81%,3,17
Apache Commons Collections,org.apache.commons.collections4.bidimap,DualTreeBidiMap.ViewMap,38,35,0,2,1,5,8,0.615384615,62%,5,5,0.5,50%,5,4
Apache Commons Collections,org.apache.commons.collections4.bidimap,DualHashBidiMap,12,49,0,0,0,3,14,0.823529412,82%,1,5,0.833333333,83%,1,5
Apache Commons Collections,org.apache.commons.collections4.bidimap,TreeBidiMap.View,0,17,0,0,0,0,7,1,100%,0,3,1,100%,0,3
Apache Commons Collections,org.apache.commons.collections4.bidimap,AbstractDualBidiMap.KeySet,0,41,0,2,1,0,9,1,100%,0,5,1,100%,0,4
Apache Commons Collections,org.apache.commons.collections4.bidimap,TreeBidiMap.DataElement,5,41,0,0,0,0,6,1,100%,1,4,0.8,80%,1,4
Apache Commons Collections,org.apache.commons.collections4.bidimap,DualTreeBidiMap.BidiOrderedMapIterator,27,134,0,12,1,6,29,0.828571429,83%,3,14,0.823529412,82%,3,8
Apache Commons Collections,org.apache.commons.collections4.bidimap,UnmodifiableOrderedBidiMap,0,82,0,4,1,0,24,1,100%,0,15,1,100%,0,13
Apache Commons Collections,org.apache.commons.collections4.bidimap,TreeBidiMap.new Object() {...},2,17,0,0,0,0,1,1,100%,0,1,1,100%,0,1
Apache Commons Collections,org.apache.commons.collections4.bidimap,TreeBidiMap.ViewMapEntryIterator,3,11,0,0,0,1,4,0.8,80%,1,2,0.666666667,67%,1,2
Apache Commons Collections,org.apache.commons.collections4.bidimap,AbstractDualBidiMap.ValuesIterator,0,47,0,2,1,0,15,1,100%,0,4,1,100%,0,3
Apache Commons Collections,org.apache.commons.collections4.bidimap,AbstractBidiMapDecorator,13,17,0,0,0,3,5,0.625,63%,3,4,0.571428571,57%,3,4
Apache Commons Collections,org.apache.commons.collections4.bidimap,TreeBidiMap.InverseEntryView,2,72,1,11,0.916666667,1,18,0.947368421,95%,1,9,0.9,90%,0,4
Apache Commons Collections,org.apache.commons.collections4.bidimap,UnmodifiableSortedBidiMap,0,104,0,4,1,0,29,1,100%,0,17,1,100%,0,15
Apache Commons Collections,org.apache.commons.collections4.bidimap,AbstractDualBidiMap.EntrySetIterator,0,56,0,2,1,0,16,1,100%,0,4,1,100%,0,3
Apache Commons Collections,org.apache.commons.collections4.map,AbstractLinkedMap.EntrySetIterator,3,7,0,0,0,1,3,0.75,75%,1,2,0.666666667,67%,1,2
Apache Commons Collections,org.apache.commons.collections4.map,UnmodifiableEntrySet,2,133,2,10,0.833333333,1,27,0.964285714,96%,2,15,0.882352941,88%,0,11
Apache Commons Collections,org.apache.commons.collections4.map,LazyMap,0,81,0,6,1,0,24,1,100%,0,10,1,100%,0,7
Apache Commons Collections,org.apache.commons.collections4.map,StaticBucketMap.Node,2,76,2,18,0.9,1,15,0.9375,94%,2,14,0.875,88%,0,6
Apache Commons Collections,org.apache.commons.collections4.map,AbstractHashedMap.Values,0,23,0,0,0,0,8,1,100%,0,5,1,100%,0,5
Apache Commons Collections,org.apache.commons.collections4.map,AbstractReferenceMap.ReferenceBaseIterator,5,168,2,22,0.916666667,1,48,0.979591837,98%,2,17,0.894736842,89%,0,7
Apache Commons Collections,org.apache.commons.collections4.map,AbstractReferenceMap.ReferenceValues,0,34,0,2,1,0,8,1,100%,0,4,1,100%,0,3
Apache Commons Collections,org.apache.commons.collections4.map,Flat3Map.EntrySet,2,57,1,5,0.833333333,1,17,0.944444444,94%,1,7,0.875,88%,0,5
Apache Commons Collections,org.apache.commons.collections4.map,TransformedSortedMap,0,94,1,1,0.5,0,19,1,100%,1,10,0.909090909,91%,0,10
Apache Commons Collections,org.apache.commons.collections4.map,AbstractReferenceMap.ReferenceStrength,17,49,3,1,0.25,3,7,0.7,70%,5,3,0.375,38%,2,3
Apache Commons Collections,org.apache.commons.collections4.map,FixedSizeMap,30,71,4,2,0.333333333,8,20,0.714285714,71%,5,11,0.6875,69%,3,10
Apache Commons Collections,org.apache.commons.collections4.map,AbstractOrderedMapDecorator,4,29,0,0,0,1,9,0.9,90%,1,7,0.875,88%,1,7
Apache Commons Collections,org.apache.commons.collections4.map,ListOrderedMap.KeySetView.new AbstractUntypedIteratorDecorator() {...},0,13,0,0,0,0,2,1,100%,0,2,1,100%,0,2
Apache Commons Collections,org.apache.commons.collections4.map,PredicatedSortedMap,0,72,0,0,0,0,13,1,100%,0,9,1,100%,0,9
Apache Commons Collections,org.apache.commons.collections4.map,AbstractReferenceMap.SoftRef,11,0,0,0,0,4,0,0,0%,2,0,0,0%,2,0
Apache Commons Collections,org.apache.commons.collections4.map,ListOrderedMap.ValuesView.new AbstractUntypedIteratorDecorator() {...},0,13,0,0,0,0,2,1,100%,0,2,1,100%,0,2
Apache Commons Collections,org.apache.commons.collections4.map,PredicatedMap,0,128,0,16,1,0,32,1,100%,0,17,1,100%,0,9
Apache Commons Collections,org.apache.commons.collections4.map,StaticBucketMap.KeyIterator,0,12,0,0,0,0,2,1,100%,0,2,1,100%,0,2
Apache Commons Collections,org.apache.commons.collections4.map,Flat3Map.KeySetIterator,0,8,0,0,0,0,3,1,100%,0,2,1,100%,0,2
Apache Commons Collections,org.apache.commons.collections4.map,Flat3Map.FlatMapEntry,111,112,26,16,0.380952381,19,32,0.62745098,63%,20,12,0.375,38%,2,6
Apache Commons Collections,org.apache.commons.collections4.map,Flat3Map.Values,6,35,1,3,0.75,1,11,0.916666667,92%,1,6,0.857142857,86%,0,5
Apache Commons Collections,org.apache.commons.collections4.map,AbstractReferenceMap.WeakRef,0,11,0,0,0,0,4,1,100%,0,2,1,100%,0,2
Apache Commons Collections,org.apache.commons.collections4.map,AbstractReferenceMap.ReferenceKeySetIterator,0,8,0,0,0,0,3,1,100%,0,2,1,100%,0,2
Apache Commons Collections,org.apache.commons.collections4.map,ListOrderedMap.KeySetView,0,28,0,0,0,0,8,1,100%,0,5,1,100%,0,5
Apache Commons Collections,org.apache.commons.collections4.map,AbstractReferenceMap,19,375,9,39,0.8125,4,106,0.963636364,96%,9,44,0.830188679,83%,0,29
Apache Commons Collections,org.apache.commons.collections4.map,UnmodifiableMap,21,65,2,2,0.5,5,22,0.814814815,81%,2,12,0.857142857,86%,1,11
Apache Commons Collections,org.apache.commons.collections4.map,CompositeMap,17,456,3,47,0.94,5,86,0.945054945,95%,4,43,0.914893617,91%,1,21
Apache Commons Collections,org.apache.commons.collections4.map,AbstractLinkedMap.ValuesIterator,4,8,0,0,0,1,3,0.75,75%,1,2,0.666666667,67%,1,2
Apache Commons Collections,org.apache.commons.collections4.map,AbstractHashedMap,41,1066,11,125,0.919117647,15,269,0.947183099,95%,15,105,0.875,88%,4,48
Apache Commons Collections,org.apache.commons.collections4.map,TransformedMap,1,144,2,10,0.833333333,0,38,1,100%,2,16,0.888888889,89%,0,12
Apache Commons Collections,org.apache.commons.collections4.map,AbstractLinkedMap.LinkEntry,0,7,0,0,0,0,2,1,100%,0,1,1,100%,0,1
Apache Commons Collections,org.apache.commons.collections4.map,StaticBucketMap.ValueIterator,0,12,0,0,0,0,2,1,100%,0,2,1,100%,0,2
Apache Commons Collections,org.apache.commons.collections4.map,MultiValueMap.1.1.new Map.Entry() {...},4,16,0,0,0,1,3,0.75,75%,1,3,0.75,75%,1,3
Apache Commons Collections,org.apache.commons.collections4.map,PassiveExpiringMap.ConstantTimeToLiveExpirationPolicy,6,33,1,3,0.75,3,10,0.769230769,77%,2,4,0.666666667,67%,1,3
Apache Commons Collections,org.apache.commons.collections4.map,AbstractInputCheckedMapDecorator,2,23,0,2,1,1,7,0.875,88%,1,4,0.8,80%,1,3
Apache Commons Collections,org.apache.commons.collections4.map,AbstractLinkedMap.LinkIterator,15,158,4,14,0.777777778,4,33,0.891891892,89%,4,14,0.777777778,78%,0,9
Apache Commons Collections,org.apache.commons.collections4.map,LazySortedMap,0,75,0,0,0,0,16,1,100%,0,11,1,100%,0,11
Apache Commons Collections,org.apache.commons.collections4.map,StaticBucketMap.BaseIterator,5,110,0,12,1,0,24,1,100%,0,10,1,100%,0,4
Apache Commons Collections,org.apache.commons.collections4.map,LinkedMap.LinkedMapList,4,84,0,0,0,1,19,0.95,95%,1,17,0.944444444,94%,1,17
Apache Commons Collections,org.apache.commons.collections4.map,MultiValueMap.1.new Transformer() {...},0,15,0,0,0,0,2,1,100%,0,2,1,100%,0,2
Apache Commons Collections,org.apache.commons.collections4.map,Flat3Map.FlatMapIterator,112,102,11,15,0.576923077,19,30,0.612244898,61%,12,13,0.52,52%,3,6
Apache Commons Collections,org.apache.commons.collections4.map,StaticBucketMap.KeySet,5,77,2,6,0.75,0,15,1,100%,2,8,0.8,80%,0,6
Apache Commons Collections,org.apache.commons.collections4.map,ListOrderedMap.ListOrderedMapIterator,13,133,0,10,1,4,32,0.888888889,89%,1,15,0.9375,94%,1,10
Apache Commons Collections,org.apache.commons.collections4.map,AbstractHashedMap.ValuesIterator,0,8,0,0,0,0,3,1,100%,0,2,1,100%,0,2
Apache Commons Collections,org.apache.commons.collections4.map,UnmodifiableEntrySet.UnmodifiableEntrySetIterator,0,21,0,0,0,0,5,1,100%,0,3,1,100%,0,3
Apache Commons Collections,org.apache.commons.collections4.map,MultiValueMap.new LazyIteratorChain() {...},0,36,0,2,1,0,6,1,100%,0,3,1,100%,0,2
Apache Commons Collections,org.apache.commons.collections4.map,MultiValueMap.ValuesIterator,0,41,0,2,1,0,11,1,100%,0,5,1,100%,0,4
Apache Commons Collections,org.apache.commons.collections4.map,SingletonMap.SingletonValues,4,23,0,0,0,1,7,0.875,88%,1,5,0.833333333,83%,1,5
Apache Commons Collections,org.apache.commons.collections4.map,EntrySetToMapIteratorAdapter,0,57,0,2,1,0,18,1,100%,0,10,1,100%,0,9
Apache Commons Collections,org.apache.commons.collections4.map,AbstractReferenceMap.ReferenceEntry,33,189,16,26,0.619047619,5,37,0.880952381,88%,14,16,0.533333333,53%,0,9
Apache Commons Collections,org.apache.commons.collections4.map,Flat3Map.KeySet,0,53,0,4,1,0,15,1,100%,0,8,1,100%,0,6
Apache Commons Collections,org.apache.commons.collections4.map,PassiveExpiringMap,26,246,0,18,1,8,66,0.891891892,89%,4,32,0.888888889,89%,4,23
Apache Commons Collections,org.apache.commons.collections4.map,AbstractInputCheckedMapDecorator.EntrySet,0,116,1,9,0.9,0,21,1,100%,1,8,0.888888889,89%,0,4
Apache Commons Collections,org.apache.commons.collections4.map,ListOrderedMap.ListOrderedMapEntry,0,22,0,0,0,0,5,1,100%,0,3,1,100%,0,3
Apache Commons Collections,org.apache.commons.collections4.map,AbstractReferenceMap.ReferenceMapIterator,0,48,0,6,1,0,15,1,100%,0,8,1,100%,0,5
Apache Commons Collections,org.apache.commons.collections4.map,StaticBucketMap.EntryIterator,0,11,0,0,0,0,2,1,100%,0,2,1,100%,0,2
Apache Commons Collections,org.apache.commons.collections4.map,HashedMap,0,35,0,0,0,0,15,1,100%,0,7,1,100%,0,7
Apache Commons Collections,org.apache.commons.collections4.map,StaticBucketMap.EntrySet,10,116,0,10,1,0,24,1,100%,0,11,1,100%,0,6
Apache Commons Collections,org.apache.commons.collections4.map,LRUMap,203,296,9,31,0.775,17,87,0.836538462,84%,13,32,0.711111111,71%,5,20
Apache Commons Collections,org.apache.commons.collections4.map,MultiKeyMap,149,1431,109,191,0.636666667,7,304,0.977491961,98%,81,108,0.571428571,57%,0,39
Apache Commons Collections,org.apache.commons.collections4.map,AbstractInputCheckedMapDecorator.MapEntry,0,20,0,0,0,0,6,1,100%,0,2,1,100%,0,2
Apache Commons Collections,org.apache.commons.collections4.map,SingletonMap.SingletonMapIterator,26,97,5,9,0.642857143,7,24,0.774193548,77%,6,12,0.666666667,67%,1,10
Apache Commons Collections,org.apache.commons.collections4.map,ListOrderedMap,22,433,4,38,0.904761905,1,99,0.99,99%,4,45,0.918367347,92%,0,28
Apache Commons Collections,org.apache.commons.collections4.map,MultiValueMap.Values,4,36,0,2,1,2,7,0.777777778,78%,1,4,0.8,80%,1,3
Apache Commons Collections,org.apache.commons.collections4.map,FixedSizeSortedMap,21,94,2,2,0.5,6,21,0.777777778,78%,4,15,0.789473684,79%,3,14
Apache Commons Collections,org.apache.commons.collections4.map,Flat3Map,144,1247,64,226,0.779310345,30,328,0.916201117,92%,61,123,0.668478261,67%,0,23
Apache Commons Collections,org.apache.commons.collections4.map,LinkedMap,9,76,0,4,1,4,21,0.84,84%,2,12,0.857142857,86%,2,10
Apache Commons Collections,org.apache.commons.collections4.map,AbstractInputCheckedMapDecorator.EntrySetIterator,0,24,0,0,0,0,6,1,100%,0,2,1,100%,0,2
Apache Commons Collections,org.apache.commons.collections4.map,AbstractReferenceMap.ReferenceEntrySet,0,38,0,2,1,0,8,1,100%,0,4,1,100%,0,3
Apache Commons Collections,org.apache.commons.collections4.map,ReferenceMap,24,28,0,0,0,6,10,0.625,63%,3,4,0.571428571,57%,3,4
Apache Commons Collections,org.apache.commons.collections4.map,DefaultedMap,15,79,3,7,0.7,3,21,0.875,88%,3,11,0.785714286,79%,0,9
Apache Commons Collections,org.apache.commons.collections4.map,ListOrderedMap.ListOrderedIterator,0,34,0,0,0,0,9,1,100%,0,3,1,100%,0,3
Apache Commons Collections,org.apache.commons.collections4.map,MultiValueMap.ReflectionFactory,15,26,1,3,0.75,2,8,0.8,80%,1,4,0.8,80%,0,3
Apache Commons Collections,org.apache.commons.collections4.map,AbstractReferenceMap.ReferenceValuesIterator,0,8,0,0,0,0,3,1,100%,0,2,1,100%,0,2
Apache Commons Collections,org.apache.commons.collections4.map,AbstractMapDecorator,0,92,0,4,1,0,27,1,100%,0,20,1,100%,0,18
Apache Commons Collections,org.apache.commons.collections4.map,StaticBucketMap,85,573,11,63,0.851351351,13,121,0.902985075,90%,12,44,0.785714286,79%,3,16
Apache Commons Collections,org.apache.commons.collections4.map,AbstractHashedMap.KeySet,0,35,0,0,0,0,11,1,100%,0,6,1,100%,0,6
Apache Commons Collections,org.apache.commons.collections4.map,AbstractHashedMap.KeySetIterator,0,8,0,0,0,0,3,1,100%,0,2,1,100%,0,2
Apache Commons Collections,org.apache.commons.collections4.map,SingletonMap,114,190,20,15,0.428571429,29,50,0.632911392,63%,21,30,0.588235294,59%,5,28
Apache Commons Collections,org.apache.commons.collections4.map,AbstractHashedMap.EntrySet,0,64,0,10,1,0,19,1,100%,0,11,1,100%,0,6
Apache Commons Collections,org.apache.commons.collections4.map,AbstractLinkedMap.KeySetIterator,4,8,0,0,0,1,3,0.75,75%,1,2,0.666666667,67%,1,2
Apache Commons Collections,org.apache.commons.collections4.map,Flat3Map.EntryIterator,34,42,3,3,0.5,8,9,0.529411765,53%,3,4,0.571428571,57%,1,3
Apache Commons Collections,org.apache.commons.collections4.map,Flat3Map.EntrySetIterator,0,7,0,0,0,0,3,1,100%,0,2,1,100%,0,2
Apache Commons Collections,org.apache.commons.collections4.map,CaseInsensitiveMap,5,60,0,4,1,2,19,0.904761905,90%,1,9,0.9,90%,1,7
Apache Commons Collections,org.apache.commons.collections4.map,AbstractSortedMapDecorator.SortedMapIterator,29,0,0,0,0,8,0,0,0%,4,0,0,0%,4,0
Apache Commons Collections,org.apache.commons.collections4.map,ListOrderedMap.ValuesView,0,44,0,0,0,0,11,1,100%,0,8,1,100%,0,8
Apache Commons Collections,org.apache.commons.collections4.map,StaticBucketMap.Lock,0,3,0,0,0,0,1,1,100%,0,1,1,100%,0,1
Apache Commons Collections,org.apache.commons.collections4.map,AbstractHashedMap.EntrySetIterator,0,7,0,0,0,0,3,1,100%,0,2,1,100%,0,2
Apache Commons Collections,org.apache.commons.collections4.map,AbstractIterableMap,0,9,0,0,0,0,2,1,100%,0,2,1,100%,0,2
Apache Commons Collections,org.apache.commons.collections4.map,AbstractLinkedMap,10,331,0,40,1,4,72,0.947368421,95%,3,40,0.930232558,93%,3,20
Apache Commons Collections,org.apache.commons.collections4.map,AbstractReferenceMap.ReferenceKeySet,0,34,0,2,1,0,8,1,100%,0,4,1,100%,0,3
Apache Commons Collections,org.apache.commons.collections4.map,UnmodifiableSortedMap,29,67,0,2,1,4,21,0.84,84%,4,14,0.777777778,78%,4,13
Apache Commons Collections,org.apache.commons.collections4.map,ReferenceIdentityMap,24,61,0,6,1,6,16,0.727272727,73%,3,11,0.785714286,79%,3,8
Apache Commons Collections,org.apache.commons.collections4.map,AbstractHashedMap.HashMapIterator,0,48,0,6,1,0,15,1,100%,0,8,1,100%,0,5
Apache Commons Collections,org.apache.commons.collections4.map,AbstractSortedMapDecorator,51,23,4,0,0,9,8,0.470588235,47%,8,6,0.428571429,43%,6,6
Apache Commons Collections,org.apache.commons.collections4.map,AbstractLinkedMap.LinkMapIterator,0,52,0,6,1,0,16,1,100%,0,9,1,100%,0,6
Apache Commons Collections,org.apache.commons.collections4.map,MultiValueMap,13,327,5,39,0.886363636,2,86,0.977272727,98%,6,38,0.863636364,86%,1,21
Apache Commons Collections,org.apache.commons.collections4.map,AbstractHashedMap.HashIterator,6,147,2,18,0.9,2,36,0.947368421,95%,2,14,0.875,88%,0,6
Apache Commons Collections,org.apache.commons.collections4.map,StaticBucketMap.Values,0,21,0,0,0,0,5,1,100%,0,4,1,100%,0,4
Apache Commons Collections,org.apache.commons.collections4.map,AbstractReferenceMap.ReferenceEntrySetIterator,0,7,0,0,0,0,3,1,100%,0,2,1,100%,0,2
Apache Commons Collections,org.apache.commons.collections4.map,UnmodifiableOrderedMap,0,72,0,2,1,0,24,1,100%,0,13,1,100%,0,12
Apache Commons Collections,org.apache.commons.collections4.map,ListOrderedMap.EntrySetView,0,92,0,8,1,0,26,1,100%,0,16,1,100%,0,12
Apache Commons Collections,org.apache.commons.collections4.map,Flat3Map.ValuesIterator,0,8,0,0,0,0,3,1,100%,0,2,1,100%,0,2
Apache Commons Collections,org.apache.commons.collections4.map,AbstractHashedMap.HashEntry,2,107,2,20,0.909090909,1,23,0.958333333,96%,2,16,0.888888889,89%,0,7
Apache Commons Collections,org.apache.commons.collections4.map,UnmodifiableEntrySet.UnmodifiableEntry,0,11,0,0,0,0,4,1,100%,0,2,1,100%,0,2
Apache Commons Collections,org.apache.commons.collections4.multimap,AbstractListValuedMap.WrappedList,104,70,6,6,0.5,25,19,0.431818182,43%,11,9,0.45,45%,8,6
Apache Commons Collections,org.apache.commons.collections4.multimap,ArrayListValuedHashMap,34,48,2,0,0,10,16,0.615384615,62%,4,6,0.6,60%,3,6
Apache Commons Collections,org.apache.commons.collections4.multimap,AbstractListValuedMap.ValuesListIterator,44,76,0,4,1,11,18,0.620689655,62%,6,7,0.538461538,54%,6,5
Apache Commons Collections,org.apache.commons.collections4.multimap,TransformedMultiValuedMap,10,156,4,16,0.8,2,35,0.945945946,95%,4,15,0.789473684,79%,0,9
Apache Commons Collections,org.apache.commons.collections4.multimap,HashSetValuedHashMap,25,38,0,0,0,8,13,0.619047619,62%,3,5,0.625,63%,3,5
Apache Commons Collections,org.apache.commons.collections4.multimap,AbstractMultiValuedMap.KeysMultiSet.MapEntryTransformer,0,12,0,0,0,0,2,1,100%,0,2,1,100%,0,2
Apache Commons Collections,org.apache.commons.collections4.multimap,AbstractMultiValuedMap,87,347,15,43,0.74137931,16,81,0.835051546,84%,16,42,0.724137931,72%,4,25
Apache Commons Collections,org.apache.commons.collections4.multimap,AbstractMultiValuedMap.EntryValues.1.new Transformer() {...},0,20,0,0,0,0,2,1,100%,0,2,1,100%,0,2
Apache Commons Collections,org.apache.commons.collections4.multimap,AbstractMultiValuedMap.MultiValuedMapEntry,0,12,0,0,0,0,4,1,100%,0,2,1,100%,0,2
Apache Commons Collections,org.apache.commons.collections4.multimap,AbstractListValuedMap,0,27,0,0,0,0,8,1,100%,0,6,1,100%,0,6
Apache Commons Collections,org.apache.commons.collections4.multimap,AbstractMultiValuedMap.KeysMultiSet.MapEntryTransformer.new AbstractMultiSet.AbstractEntry() {...},0,19,0,0,0,0,3,1,100%,0,3,1,100%,0,3
Apache Commons Collections,org.apache.commons.collections4.multimap,AbstractMultiValuedMap.EntryValues.new LazyIteratorChain() {...},0,49,0,2,1,0,8,1,100%,0,3,1,100%,0,2
Apache Commons Collections,org.apache.commons.collections4.multimap,AbstractMultiValuedMap.WrappedCollection,101,131,19,15,0.441176471,31,33,0.515625,52%,17,16,0.484848485,48%,6,10
Apache Commons Collections,org.apache.commons.collections4.multimap,AbstractMultiValuedMap.ValuesIterator,0,43,0,2,1,0,11,1,100%,0,5,1,100%,0,4
Apache Commons Collections,org.apache.commons.collections4.multimap,AbstractMultiValuedMap.KeysMultiSet,0,56,1,1,0.5,0,12,1,100%,1,7,0.875,88%,0,7
Apache Commons Collections,org.apache.commons.collections4.multimap,AbstractMultiValuedMap.AsMap.AsMapEntrySet,0,50,0,2,1,0,11,1,100%,0,7,1,100%,0,6
Apache Commons Collections,org.apache.commons.collections4.multimap,AbstractMultiValuedMap.EntryValues,0,15,0,0,0,0,3,1,100%,0,3,1,100%,0,3
Apache Commons Collections,org.apache.commons.collections4.multimap,UnmodifiableMultiValuedMap,24,55,0,2,1,6,13,0.684210526,68%,6,11,0.647058824,65%,6,10
Apache Commons Collections,org.apache.commons.collections4.multimap,AbstractMultiValuedMap.MultiValuedMapIterator,27,39,5,1,0.166666667,7,11,0.611111111,61%,5,5,0.5,50%,2,5
Apache Commons Collections,org.apache.commons.collections4.multimap,AbstractMultiValuedMap.AsMap,0,90,0,8,1,0,24,1,100%,0,15,1,100%,0,11
Apache Commons Collections,org.apache.commons.collections4.multimap,AbstractMultiValuedMap.Values,0,40,0,2,1,0,9,1,100%,0,5,1,100%,0,4
Apache Commons Collections,org.apache.commons.collections4.multimap,AbstractSetValuedMap,0,27,0,0,0,0,8,1,100%,0,6,1,100%,0,6
Apache Commons Collections,org.apache.commons.collections4.multimap,AbstractMultiValuedMap.AsMap.AsMapEntrySetIterator,0,24,0,0,0,0,6,1,100%,0,2,1,100%,0,2
Apache Commons Collections,org.apache.commons.collections4.multimap,AbstractMultiValuedMapDecorator,26,98,0,4,1,5,26,0.838709677,84%,5,21,0.807692308,81%,5,19
Apache Commons Collections,org.apache.commons.collections4.multimap,AbstractSetValuedMap.WrappedSet,0,37,0,4,1,0,12,1,100%,0,5,1,100%,0,3
Apache Commons Collections,org.apache.commons.collections4.set,UnmodifiableSet,0,45,0,2,1,0,13,1,100%,0,10,1,100%,0,9
Apache Commons Collections,org.apache.commons.collections4.set,UnmodifiableSortedSet,0,83,0,2,1,0,24,1,100%,0,15,1,100%,0,14
Apache Commons Collections,org.apache.commons.collections4.set,MapBackedSet,5,151,1,9,0.9,1,31,0.96875,97%,1,22,0.956521739,96%,0,18
Apache Commons Collections,org.apache.commons.collections4.set,ListOrderedSet.OrderedSetIterator,14,28,0,0,0,3,9,0.75,75%,2,3,0.6,60%,2,3
Apache Commons Collections,org.apache.commons.collections4.set,TransformedSet,0,67,1,7,0.875,0,12,1,100%,1,8,0.888888889,89%,0,5
Apache Commons Collections,org.apache.commons.collections4.set,AbstractSetDecorator,3,24,0,4,1,2,5,0.714285714,71%,1,6,0.857142857,86%,1,4
Apache Commons Collections,org.apache.commons.collections4.set,AbstractNavigableSetDecorator,39,28,0,0,0,9,7,0.4375,44%,8,6,0.428571429,43%,8,6
Apache Commons Collections,org.apache.commons.collections4.set,UnmodifiableNavigableSet,0,122,0,2,1,0,32,1,100%,0,20,1,100%,0,19
Apache Commons Collections,org.apache.commons.collections4.set,AbstractSerializableSetDecorator,0,19,0,0,0,0,8,1,100%,0,3,1,100%,0,3
Apache Commons Collections,org.apache.commons.collections4.set,PredicatedSet,0,31,0,4,1,0,6,1,100%,0,7,1,100%,0,5
Apache Commons Collections,org.apache.commons.collections4.set,CompositeSet,23,455,5,59,0.921875,6,109,0.947826087,95%,7,51,0.879310345,88%,2,24
Apache Commons Collections,org.apache.commons.collections4.set,ListOrderedSet,10,298,3,33,0.916666667,2,78,0.975,98%,3,37,0.925,93%,0,22
Apache Commons Collections,org.apache.commons.collections4.set,TransformedSortedSet,44,60,4,0,0,8,12,0.6,60%,4,8,0.666666667,67%,2,8
Apache Commons Collections,org.apache.commons.collections4.set,AbstractSortedSetDecorator,19,20,0,0,0,5,6,0.545454545,55%,4,5,0.555555556,56%,4,5
Apache Commons Collections,org.apache.commons.collections4.set,PredicatedNavigableSet,15,74,0,0,0,3,15,0.833333333,83%,3,11,0.785714286,79%,3,11
Apache Commons Collections,org.apache.commons.collections4.set,PredicatedSortedSet,0,64,0,0,0,0,13,1,100%,0,9,1,100%,0,9
Apache Commons Collections,org.apache.commons.collections4.set,TransformedNavigableSet,55,74,4,0,0,10,15,0.6,60%,6,11,0.647058824,65%,4,11
Apache Commons Collections,org.apache.commons.collections4.iterators,EnumerationIterator,36,29,4,0,0,11,10,0.476190476,48%,6,4,0.4,40%,4,4
Apache Commons Collections,org.apache.commons.collections4.iterators,IteratorChain,84,154,6,14,0.7,13,43,0.767857143,77%,8,16,0.666666667,67%,4,10
Apache Commons Collections,org.apache.commons.collections4.iterators,EmptyMapIterator,0,10,0,0,0,0,4,1,100%,0,3,1,100%,0,3
Apache Commons Collections,org.apache.commons.collections4.iterators,SingletonIterator,0,75,0,14,1,0,22,1,100%,0,13,1,100%,0,6
Apache Commons Collections,org.apache.commons.collections4.iterators,ObjectArrayIterator,6,105,0,12,1,2,27,0.931034483,93%,2,14,0.875,88%,2,8
Apache Commons Collections,org.apache.commons.collections4.iterators,FilterIterator,17,98,1,13,0.928571429,5,32,0.864864865,86%,4,14,0.777777778,78%,3,8
Apache Commons Collections,org.apache.commons.collections4.iterators,SkippingIterator,0,60,0,8,1,0,17,1,100%,0,8,1,100%,0,4
Apache Commons Collections,org.apache.commons.collections4.iterators,IteratorIterable,0,44,1,5,0.833333333,0,12,1,100%,1,6,0.857142857,86%,0,4
Apache Commons Collections,org.apache.commons.collections4.iterators,ReverseListIterator,10,100,2,6,0.75,2,31,0.939393939,94%,2,13,0.866666667,87%,0,11
Apache Commons Collections,org.apache.commons.collections4.iterators,AbstractListIteratorDecorator,5,49,1,1,0.5,1,17,0.944444444,94%,1,11,0.916666667,92%,0,11
Apache Commons Collections,org.apache.commons.collections4.iterators,EmptyIterator,0,14,0,0,0,0,6,1,100%,0,4,1,100%,0,4
Apache Commons Collections,org.apache.commons.collections4.iterators,AbstractUntypedIteratorDecorator,5,19,1,1,0.5,1,8,0.888888889,89%,1,4,0.8,80%,0,4
Apache Commons Collections,org.apache.commons.collections4.iterators,TransformIterator,23,28,0,0,0,11,9,0.45,45%,6,5,0.454545455,45%,6,5
Apache Commons Collections,org.apache.commons.collections4.iterators,ArrayListIterator,5,113,0,8,1,1,25,0.961538462,96%,1,14,0.933333333,93%,1,10
Apache Commons Collections,org.apache.commons.collections4.iterators,UnmodifiableOrderedMapIterator,0,59,0,4,1,0,17,1,100%,0,12,1,100%,0,10
Apache Commons Collections,org.apache.commons.collections4.iterators,LoopingIterator,0,56,0,8,1,0,17,1,100%,0,10,1,100%,0,6
Apache Commons Collections,org.apache.commons.collections4.iterators,EmptyOrderedMapIterator,0,10,0,0,0,0,4,1,100%,0,3,1,100%,0,3
Apache Commons Collections,org.apache.commons.collections4.iterators,NodeListIterator,7,71,3,9,0.75,1,15,0.9375,94%,3,8,0.727272727,73%,0,5
Apache Commons Collections,org.apache.commons.collections4.iterators,AbstractEmptyMapIterator,0,18,0,0,0,0,5,1,100%,0,4,1,100%,0,4
Apache Commons Collections,org.apache.commons.collections4.iterators,AbstractIteratorDecorator,0,8,0,0,0,0,3,1,100%,0,2,1,100%,0,2
Apache Commons Collections,org.apache.commons.collections4.iterators,ObjectGraphIterator,0,195,0,30,1,0,56,1,100%,0,23,1,100%,0,8
Apache Commons Collections,org.apache.commons.collections4.iterators,UnmodifiableIterator,0,38,0,4,1,0,12,1,100%,0,7,1,100%,0,5
Apache Commons Collections,org.apache.commons.collections4.iterators,IteratorIterable.new Iterator() {...},4,14,0,0,0,2,3,0.6,60%,1,3,0.75,75%,1,3
Apache Commons Collections,org.apache.commons.collections4.iterators,LazyIteratorChain,0,99,0,12,1,0,28,1,100%,0,11,1,100%,0,5
Apache Commons Collections,org.apache.commons.collections4.iterators,AbstractMapIteratorDecorator,41,0,2,0,0,13,0,0,0%,9,0,0,0%,8,0
Apache Commons Collections,org.apache.commons.collections4.iterators,AbstractOrderedMapIteratorDecorator,49,0,2,0,0,15,0,0,0%,11,0,0,0%,10,0
Apache Commons Collections,org.apache.commons.collections4.iterators,UnmodifiableListIterator,0,64,0,4,1,0,18,1,100%,0,13,1,100%,0,11
Apache Commons Collections,org.apache.commons.collections4.iterators,LoopingListIterator,16,137,3,21,0.875,4,39,0.906976744,91%,4,21,0.84,84%,1,12
Apache Commons Collections,org.apache.commons.collections4.iterators,BoundedIterator,5,117,1,17,0.944444444,1,31,0.96875,97%,1,14,0.933333333,93%,0,6
Apache Commons Collections,org.apache.commons.collections4.iterators,PeekingIterator,12,123,3,21,0.875,4,35,0.897435897,90%,3,17,0.85,85%,0,8
Apache Commons Collections,org.apache.commons.collections4.iterators,SingletonListIterator,0,127,2,26,0.928571429,0,32,1,100%,2,23,0.92,92%,0,11
Apache Commons Collections,org.apache.commons.collections4.iterators,UnmodifiableMapIterator,0,51,0,4,1,0,15,1,100%,0,10,1,100%,0,8
Apache Commons Collections,org.apache.commons.collections4.iterators,EmptyListIterator,2,12,0,0,0,1,5,0.833333333,83%,1,3,0.75,75%,1,3
Apache Commons Collections,org.apache.commons.collections4.iterators,FilterListIterator,68,191,6,30,0.833333333,18,58,0.763157895,76%,15,24,0.615384615,62%,9,12
Apache Commons Collections,org.apache.commons.collections4.iterators,CollatingIterator,79,322,9,39,0.8125,18,87,0.828571429,83%,10,36,0.782608696,78%,4,18
Apache Commons Collections,org.apache.commons.collections4.iterators,ZippingIterator,5,134,1,13,0.928571429,1,34,0.971428571,97%,1,12,0.923076923,92%,0,6
Apache Commons Collections,org.apache.commons.collections4.iterators,UniqueFilterIterator,0,5,0,0,0,0,2,1,100%,0,1,1,100%,0,1
Apache Commons Collections,org.apache.commons.collections4.iterators,PermutationIterator,0,262,0,34,1,0,45,1,100%,0,21,1,100%,0,4
Apache Commons Collections,org.apache.commons.collections4.iterators,PushbackIterator,12,50,3,5,0.625,3,12,0.8,80%,3,7,0.7,70%,0,6
Apache Commons Collections,org.apache.commons.collections4.iterators,IteratorEnumeration,7,17,0,0,0,4,6,0.6,60%,2,4,0.666666667,67%,2,4
Apache Commons Collections,org.apache.commons.collections4.iterators,EntrySetMapIterator,121,0,10,0,0,31,0,0,0%,14,0,0,0%,9,0
Apache Commons Collections,org.apache.commons.collections4.iterators,EmptyOrderedIterator,0,10,0,0,0,0,4,1,100%,0,3,1,100%,0,3
Apache Commons Collections,org.apache.commons.collections4.iterators,ArrayIterator,9,122,0,10,1,3,28,0.903225806,90%,3,13,0.8125,81%,3,8
Apache Commons Collections,org.apache.commons.collections4.iterators,AbstractEmptyIterator,0,37,0,0,0,0,12,1,100%,0,11,1,100%,0,11
Apache Commons Collections,org.apache.commons.collections4.iterators,ListIteratorWrapper,41,253,8,32,0.8,11,61,0.847222222,85%,8,23,0.741935484,74%,2,9
Apache Commons Collections,org.apache.commons.collections4.iterators,ObjectArrayListIterator,6,112,0,8,1,3,23,0.884615385,88%,1,14,0.933333333,93%,1,10
Apache Commons Collections,org.apache.commons.collections4,PredicateUtils,15,98,0,0,0,6,26,0.8125,81%,6,24,0.8,80%,6,24
Apache Commons Collections,org.apache.commons.collections4,FunctorException,8,8,0,0,0,4,4,0.5,50%,2,2,0.5,50%,2,2
Apache Commons Collections,org.apache.commons.collections4,EnumerationUtils,3,53,0,6,1,1,13,0.928571429,93%,1,6,0.857142857,86%,1,3
Apache Commons Collections,org.apache.commons.collections4,BagUtils,11,39,0,0,0,4,11,0.733333333,73%,4,9,0.692307692,69%,4,9
Apache Commons Collections,org.apache.commons.collections4,IterableUtils.2.new LazyIteratorChain() {...},0,23,0,2,1,0,4,1,100%,0,3,1,100%,0,2
Apache Commons Collections,org.apache.commons.collections4,ListUtils.LcsVisitor,0,19,0,0,0,0,8,1,100%,0,5,1,100%,0,5
Apache Commons Collections,org.apache.commons.collections4,SetUtils,43,155,1,31,0.96875,13,36,0.734693878,73%,14,26,0.65,65%,13,11
Apache Commons Collections,org.apache.commons.collections4,ComparatorUtils,19,98,4,14,0.777777778,5,25,0.833333333,83%,6,15,0.714285714,71%,2,10
Apache Commons Collections,org.apache.commons.collections4,IterableUtils.UnmodifiableIterable,0,11,0,0,0,0,4,1,100%,0,2,1,100%,0,2
Apache Commons Collections,org.apache.commons.collections4,FluentIterable,0,190,0,4,1,0,45,1,100%,0,36,1,100%,0,34
Apache Commons Collections,org.apache.commons.collections4,SetUtils.new SetUtils.SetView() {...},12,41,4,0,0,1,4,0.8,80%,3,4,0.571428571,57%,1,4
Apache Commons Collections,org.apache.commons.collections4,SetUtils.new SetUtils.SetView() {...},0,33,0,4,1,0,3,1,100%,0,5,1,100%,0,3
Apache Commons Collections,org.apache.commons.collections4,SetUtils.new Predicate() {...},0,11,0,0,0,0,2,1,100%,0,2,1,100%,0,2
Apache Commons Collections,org.apache.commons.collections4,SetUtils.new SetUtils.SetView() {...},0,33,0,4,1,0,3,1,100%,0,5,1,100%,0,3
Apache Commons Collections,org.apache.commons.collections4,SetUtils.new Predicate() {...},0,15,0,2,1,0,2,1,100%,0,3,1,100%,0,2
Apache Commons Collections,org.apache.commons.collections4,SetUtils.new SetUtils.SetView() {...},13,41,5,3,0.375,1,4,0.8,80%,4,5,0.555555556,56%,1,4
Apache Commons Collections,org.apache.commons.collections4,CollectionUtils.SetOperationCardinalityHelper,0,48,0,2,1,0,11,1,100%,0,5,1,100%,0,4
Apache Commons Collections,org.apache.commons.collections4,IterableUtils.7.new LazyIteratorChain() {...},0,18,0,2,1,0,4,1,100%,0,3,1,100%,0,2
Apache Commons Collections,org.apache.commons.collections4,IteratorUtils,252,626,42,100,0.704225352,59,168,0.740088106,74%,45,97,0.683098592,68%,17,54
Apache Commons Collections,org.apache.commons.collections4,SetUtils.SetView,16,11,0,0,0,5,3,0.375,38%,2,3,0.6,60%,2,3
Apache Commons Collections,org.apache.commons.collections4,ClosureUtils,3,112,0,4,1,1,28,0.965517241,97%,1,18,0.947368421,95%,1,16
Apache Commons Collections,org.apache.commons.collections4,ArrayUtils,22,38,7,9,0.5625,6,9,0.6,60%,6,6,0.5,50%,1,3
Apache Commons Collections,org.apache.commons.collections4,SplitMapUtils,16,32,3,7,0.7,4,8,0.666666667,67%,4,4,0.5,50%,1,2
Apache Commons Collections,org.apache.commons.collections4,IterableUtils.new FluentIterable() {...},0,13,0,0,0,0,2,1,100%,0,2,1,100%,0,2
Apache Commons Collections,org.apache.commons.collections4,IterableUtils.new FluentIterable() {...},0,17,0,0,0,0,2,1,100%,0,2,1,100%,0,2
Apache Commons Collections,org.apache.commons.collections4,IterableUtils.new FluentIterable() {...},0,44,0,2,1,0,6,1,100%,0,3,1,100%,0,2
Apache Commons Collections,org.apache.commons.collections4,IterableUtils.new FluentIterable() {...},0,16,0,0,0,0,2,1,100%,0,2,1,100%,0,2
Apache Commons Collections,org.apache.commons.collections4,IterableUtils.new FluentIterable() {...},0,11,0,0,0,0,2,1,100%,0,2,1,100%,0,2
Apache Commons Collections,org.apache.commons.collections4,IterableUtils.new FluentIterable() {...},0,16,0,0,0,0,2,1,100%,0,2,1,100%,0,2
Apache Commons Collections,org.apache.commons.collections4,IterableUtils.new FluentIterable() {...},0,16,0,0,0,0,2,1,100%,0,2,1,100%,0,2
Apache Commons Collections,org.apache.commons.collections4,IterableUtils.new FluentIterable() {...},0,22,0,0,0,0,2,1,100%,0,2,1,100%,0,2
Apache Commons Collections,org.apache.commons.collections4,CollectionUtils,47,1420,20,250,0.925925926,10,337,0.971181556,97%,20,184,0.901960784,90%,1,68
Apache Commons Collections,org.apache.commons.collections4,IterableUtils.new FluentIterable() {...},0,18,0,0,0,0,2,1,100%,0,2,1,100%,0,2
Apache Commons Collections,org.apache.commons.collections4,IterableUtils.new FluentIterable() {...},0,11,0,0,0,0,2,1,100%,0,2,1,100%,0,2
Apache Commons Collections,org.apache.commons.collections4,IterableUtils.new FluentIterable() {...},0,5,0,0,0,0,2,1,100%,0,2,1,100%,0,2
Apache Commons Collections,org.apache.commons.collections4,MultiMapUtils,32,77,4,16,0.8,9,22,0.709677419,71%,9,14,0.608695652,61%,5,8
Apache Commons Collections,org.apache.commons.collections4,TrieUtils,3,3,0,0,0,1,1,0.5,50%,1,1,0.5,50%,1,1
Apache Commons Collections,org.apache.commons.collections4,IterableUtils,58,526,3,59,0.951612903,7,120,0.94488189,94%,7,68,0.906666667,91%,4,40
Apache Commons Collections,org.apache.commons.collections4,ArrayStack,23,70,6,10,0.625,6,24,0.8,80%,6,10,0.625,63%,2,6
Apache Commons Collections,org.apache.commons.collections4,FactoryUtils,3,21,0,0,0,1,6,0.857142857,86%,1,6,0.857142857,86%,1,6
Apache Commons Collections,org.apache.commons.collections4,MapUtils,82,1014,10,178,0.946808511,22,285,0.928338762,93%,24,145,0.857988166,86%,16,59
Apache Commons Collections,org.apache.commons.collections4,CollectionUtils.EquatorWrapper,2,32,1,1,0.5,1,9,0.9,90%,1,4,0.8,80%,0,4
Apache Commons Collections,org.apache.commons.collections4,IterableUtils.new FluentIterable() {...},0,16,0,0,0,0,2,1,100%,0,2,1,100%,0,2
Apache Commons Collections,org.apache.commons.collections4,IterableUtils.new FluentIterable() {...},4,20,1,1,0.5,0,4,1,100%,1,2,0.666666667,67%,0,2
Apache Commons Collections,org.apache.commons.collections4,ListUtils,51,376,8,66,0.891891892,10,90,0.9,90%,13,48,0.786885246,79%,6,18
Apache Commons Collections,org.apache.commons.collections4,QueueUtils,3,22,0,0,0,1,6,0.857142857,86%,1,6,0.857142857,86%,1,6
Apache Commons Collections,org.apache.commons.collections4,ListUtils.Partition,34,48,2,2,0.5,3,11,0.785714286,79%,3,3,0.5,50%,1,3
Apache Commons Collections,org.apache.commons.collections4,MultiSetUtils,3,18,0,0,0,1,6,0.857142857,86%,1,5,0.833333333,83%,1,5
Apache Commons Collections,org.apache.commons.collections4,CollectionUtils.new Transformer() {...},0,13,0,0,0,0,2,1,100%,0,2,1,100%,0,2
Apache Commons Collections,org.apache.commons.collections4,CollectionUtils.new Transformer() {...},0,13,0,0,0,0,2,1,100%,0,2,1,100%,0,2
Apache Commons Collections,org.apache.commons.collections4,CollectionUtils.new Transformer() {...},0,13,0,0,0,0,2,1,100%,0,2,1,100%,0,2
Apache Commons Collections,org.apache.commons.collections4,ListUtils.CharSequenceAsList,0,16,0,0,0,0,5,1,100%,0,3,1,100%,0,3
Apache Commons Collections,org.apache.commons.collections4,MapUtils.new AbstractMapDecorator() {...},0,4,0,0,0,0,1,1,100%,0,1,1,100%,0,1
Apache Commons Collections,org.apache.commons.collections4,MapUtils.new AbstractSortedMapDecorator() {...},0,4,0,0,0,0,1,1,100%,0,1,1,100%,0,1
Apache Commons Collections,org.apache.commons.collections4,SplitMapUtils.WrappedGet,30,79,4,4,0.5,6,17,0.739130435,74%,8,12,0.6,60%,4,12
Apache Commons Collections,org.apache.commons.collections4,TransformerUtils,3,137,0,4,1,1,34,0.971428571,97%,1,25,0.961538462,96%,1,23
Apache Commons Collections,org.apache.commons.collections4,CollectionUtils.CardinalityHelper,0,51,0,2,1,0,12,1,100%,0,7,1,100%,0,6
Apache Commons Collections,org.apache.commons.collections4,SplitMapUtils.WrappedPut,3,82,3,3,0.5,1,20,0.952380952,95%,3,15,0.833333333,83%,0,15
Apache Commons Collections,org.apache.commons.collections4.multiset,AbstractMapMultiSet.MutableInteger,18,6,4,0,0,4,3,0.428571429,43%,4,1,0.2,20%,2,1
Apache Commons Collections,org.apache.commons.collections4.multiset,AbstractMapMultiSet.UniqueSetIterator,0,53,0,2,1,0,16,1,100%,0,4,1,100%,0,3
Apache Commons Collections,org.apache.commons.collections4.multiset,SynchronizedMultiSet.SynchronizedSet,0,5,0,0,0,0,2,1,100%,0,1,1,100%,0,1
Apache Commons Collections,org.apache.commons.collections4.multiset,AbstractMultiSet.EntrySet,61,10,10,0,0,16,4,0.2,20%,8,2,0.2,20%,3,2
Apache Commons Collections,org.apache.commons.collections4.multiset,AbstractMultiSetDecorator,29,29,0,4,1,7,6,0.461538462,46%,6,7,0.538461538,54%,6,5
Apache Commons Collections,org.apache.commons.collections4.multiset,AbstractMultiSet.AbstractEntry,45,19,12,0,0,9,2,0.181818182,18%,8,2,0.2,20%,2,2
Apache Commons Collections,org.apache.commons.collections4.multiset,HashMultiSet,0,30,0,0,0,0,12,1,100%,0,4,1,100%,0,4
Apache Commons Collections,org.apache.commons.collections4.multiset,SynchronizedMultiSet,76,97,0,2,1,15,19,0.558823529,56%,3,10,0.769230769,77%,3,9
Apache Commons Collections,org.apache.commons.collections4.multiset,AbstractMapMultiSet.MapBasedMultiSetIterator,4,112,1,13,0.928571429,1,26,0.962962963,96%,1,10,0.909090909,91%,0,4
Apache Commons Collections,org.apache.commons.collections4.multiset,AbstractMapMultiSet,14,425,5,43,0.895833333,3,101,0.971153846,97%,5,40,0.888888889,89%,0,21
Apache Commons Collections,org.apache.commons.collections4.multiset,AbstractMultiSet.UniqueSet,0,41,0,2,1,0,10,1,100%,0,8,1,100%,0,7
Apache Commons Collections,org.apache.commons.collections4.multiset,AbstractMapMultiSet.MultiSetEntry,0,16,0,0,0,0,5,1,100%,0,3,1,100%,0,3
Apache Commons Collections,org.apache.commons.collections4.multiset,AbstractMultiSet.MultiSetIterator,29,55,4,6,0.6,8,13,0.619047619,62%,3,6,0.666666667,67%,1,3
Apache Commons Collections,org.apache.commons.collections4.multiset,AbstractMultiSet.new Transformer() {...},0,9,0,0,0,0,2,1,100%,0,2,1,100%,0,2
Apache Commons Collections,org.apache.commons.collections4.multiset,PredicatedMultiSet,13,55,0,4,1,3,11,0.785714286,79%,2,11,0.846153846,85%,2,9
Apache Commons Collections,org.apache.commons.collections4.multiset,AbstractMapMultiSet.EntrySetIterator,18,34,2,0,0,6,10,0.625,63%,2,3,0.6,60%,1,3
Apache Commons Collections,org.apache.commons.collections4.multiset,AbstractMultiSet,179,131,27,19,0.413043478,44,33,0.428571429,43%,24,21,0.466666667,47%,9,13
Apache Commons Collections,org.apache.commons.collections4.multiset,UnmodifiableMultiSet,19,67,0,2,1,5,21,0.807692308,81%,4,13,0.764705882,76%,4,12
Apache Commons Collections,org.apache.commons.collections4.queue,SynchronizedQueue,30,107,0,2,1,7,22,0.75862069,76%,1,11,0.916666667,92%,1,10
Apache Commons Collections,org.apache.commons.collections4.queue,AbstractQueueDecorator,20,12,0,0,0,6,4,0.4,40%,5,3,0.375,38%,5,3
Apache Commons Collections,org.apache.commons.collections4.queue,TransformedQueue,0,78,1,3,0.75,0,16,1,100%,1,10,0.909090909,91%,0,9
Apache Commons Collections,org.apache.commons.collections4.queue,CircularFifoQueue.new Iterator() {...},0,192,0,18,1,0,32,1,100%,0,13,1,100%,0,4
Apache Commons Collections,org.apache.commons.collections4.queue,CircularFifoQueue,27,337,4,44,0.916666667,6,86,0.934782609,93%,5,40,0.888888889,89%,1,20
Apache Commons Collections,org.apache.commons.collections4.queue,PredicatedQueue,0,39,0,0,0,0,10,1,100%,0,8,1,100%,0,8
Apache Commons Collections,org.apache.commons.collections4.queue,UnmodifiableQueue,8,64,0,2,1,2,20,0.909090909,91%,2,13,0.866666667,87%,2,12
